,mean,scale
Web of Science Documents,1222.828611898017,1354.4815134740054
Cites/Paper,32.597110481586405,13.94413909724911
Top Papers,26.80028328611898,33.675354761803874
