,mean,scale
Web of Science Documents,1533.9131274131273,1534.5762592787485
Cites/Paper,126.5346718146718,1078.2871971086574
Top Papers,26.78185328185328,28.972838745665477
