,mean,scale
Web of Science Documents,184.14615384615385,144.82074392096763
Cites/Paper,81.24823076923077,121.45348573054869
Top Papers,8.515384615384615,7.228399775441965
