,mean,scale
Web of Science Documents,1183.524728588661,1404.3375846141082
Cites/Paper,19.917261761158027,7.006754580527741
Top Papers,16.87696019300362,22.932624080404143
