,mean,scale
Web of Science Documents,2465.7063397129186,3977.0349653125586
Cites/Paper,18.572117224880383,10.964670982378294
Top Papers,35.69916267942584,64.09501431892276
