,mean,scale
Web of Science Documents,1794.6468023255813,2013.3182978767557
Cites/Paper,20.529447674418606,10.86016013617242
Top Papers,36.17732558139535,49.660626838208195
