,mean,scale
Web of Science Documents,4415.172529313233,5483.150072629543
Cites/Paper,33.0414405360134,21.94847132648985
Top Papers,109.7537688442211,117.88006570018914
