,mean,scale
Web of Science Documents,2906.7947199605233,6390.956170600695
Cites/Paper,172.5589193190229,657.1267442133901
Top Papers,96.42980508265482,248.85061084617848
