,mean,scale
Web of Science Documents,1822.1225071225072,2089.150094869954
Cites/Paper,62.887364672364676,41.71968079069242
Top Papers,59.03276353276353,83.64403826559985
