,mean,scale
Web of Science Documents,977.8609958506224,869.3010471369313
Cites/Paper,30.07170124481328,11.480793433062631
Top Papers,19.842323651452283,20.8117434430675
