,mean,scale
Web of Science Documents,1547.8641025641025,1980.200187452417
Cites/Paper,18.128179487179487,7.5051572822314805
Top Papers,32.74273504273504,49.268456676546826
