,mean,scale
Web of Science Documents,1405.9539877300613,981.7452193909484
Cites/Paper,22.0,13.620725726816225
Top Papers,23.86196319018405,24.526734402287698
