,mean,scale
Web of Science Documents,2964.350972762646,4775.65332582792
Cites/Paper,23.734505836575874,10.189785975124185
Top Papers,48.02412451361868,111.83410536275596
