,mean,scale
Web of Science Documents,1708.3926592797784,2521.8212549820178
Cites/Paper,15.059979224376733,8.198716139079842
Top Papers,26.42105263157895,40.86602324615987
