,mean,scale
Web of Science Documents,1732.8020202020202,2008.6812305730655
Cites/Paper,163.4749292929293,1510.1142201175237
Top Papers,34.66565656565657,56.425926524647174
