,mean,scale
Web of Science Documents,1100.5047961630696,1009.6021538060438
Cites/Paper,20.04086330935252,6.747534995188367
Top Papers,16.098321342925658,17.473307414518132
