,mean,scale
Web of Science Documents,2178.6928484256773,3941.9359537145965
Cites/Paper,63.04951379057847,464.60303393104635
Top Papers,50.5903832072248,128.80904271539754
