,mean,scale
Web of Science Documents,1919.8523206751054,1716.9927220948498
Cites/Paper,8.922405063291139,3.7553707976024038
Top Papers,30.126582278481013,28.555534946536945
