,mean,scale
Web of Science Documents,2694.3354430379745,4182.672573851772
Cites/Paper,30.119883966244725,13.141545640524148
Top Papers,46.46518987341772,100.55522996586082
