,mean,scale
Web of Science Documents,2038.3350449293966,2467.2383774650857
Cites/Paper,39.789948652118106,71.90907647211931
Top Papers,50.65596919127086,76.95953456953539
