,mean,scale
Web of Science Documents,2311.313475177305,3485.4636619268817
Cites/Paper,26.271659574468085,11.916754529753824
Top Papers,50.89645390070922,71.39701645766709
