,mean,scale
Web of Science Documents,4334.788732394366,3401.5249414339137
Cites/Paper,44.32485915492957,10.604336658465638
Top Papers,161.5,96.52612213033903
