,mean,scale
Web of Science Documents,1578.6379032258064,2182.5095662537547
Cites/Paper,30.167846774193546,28.547806942928478
Top Papers,34.98870967741936,50.06381284320626
